{"cameraMode":{"drawMode":0,"name":"Shaded","section":"Shading Mode"},"sceneLighting":true,"audioPlay":false,"sceneViewState":{"m_AlwaysRefresh":false,"showFog":true,"showSkybox":true,"showFlares":true,"showImageEffects":true,"showParticleSystems":true,"showVisualEffectGraphs":true,"m_FxEnabled":true},"in2DMode":false,"pivot":{"x":1.9106308221817017,"y":0.6863149404525757,"z":-6.049745559692383},"rotation":{"x":0.13823217153549195,"y":-0.178425133228302,"z":0.02532801777124405,"w":0.9738633632659912},"size":3.5719082355499269,"orthographic":true}