{"cameraMode":{"drawMode":0,"name":"Shaded","section":"Shading Mode"},"sceneLighting":true,"audioPlay":false,"sceneViewState":{"m_AlwaysRefresh":false,"showFog":true,"showSkybox":true,"showFlares":true,"showImageEffects":true,"showParticleSystems":true,"showVisualEffectGraphs":true,"m_FxEnabled":true},"in2DMode":false,"pivot":{"x":1.6447004079818726,"y":-0.9616686701774597,"z":0.23432999849319459},"rotation":{"x":-0.1775498390197754,"y":-0.005302847363054752,"z":0.0009535502758808434,"w":-0.9840850830078125},"size":3.5043039321899416,"orthographic":true}