{"cameraMode":{"drawMode":0,"name":"Shaded","section":"Shading Mode"},"sceneLighting":true,"audioPlay":false,"sceneViewState":{"m_AlwaysRefresh":false,"showFog":true,"showSkybox":true,"showFlares":true,"showImageEffects":true,"showParticleSystems":true,"showVisualEffectGraphs":true,"m_FxEnabled":true},"in2DMode":false,"pivot":{"x":0.5924412608146668,"y":0.49889370799064639,"z":-7.940620422363281},"rotation":{"x":0.10020219534635544,"y":-0.05042645335197449,"z":0.00508718378841877,"w":0.9936739206314087},"size":2.6247398853302,"orthographic":true}